时刻,电压V,电流mA,功率mW,usb,allowCharge,chgEnabled,chgFast,charging
16:17:11,3.59,426.2,1529.7,host,True,True,True,True
16:17:16,3.59,425.0,1526.6,host,True,True,True,True
16:17:21,3.59,416.0,1494.6,host,True,True,True,True
16:17:27,3.60,401.7,1444.2,host,True,True,True,True
16:17:32,3.60,425.0,1530.5,host,True,True,True,True
16:17:37,3.61,425.0,1532.0,host,True,True,True,True
16:17:42,3.61,426.2,1538.1,host,True,True,True,True
16:17:47,3.61,411.3,1484.7,host,True,True,True,True
16:17:52,3.61,425.0,1536.6,host,True,True,True,True
16:17:58,3.62,426.5,1542.7,host,True,True,True,True
16:18:03,3.62,422.7,1530.5,host,True,True,True,True
16:18:08,3.62,424.7,1538.8,host,True,True,True,True
16:18:13,3.63,426.2,1545.7,host,True,True,True,True
16:18:18,3.62,401.5,1455.7,host,True,True,True,True
16:18:23,3.63,410.5,1490.0,host,True,True,True,True
16:18:28,3.63,425.0,1544.2,host,True,True,True,True
16:18:33,3.64,425.0,1545.0,host,True,True,True,True
16:18:38,3.63,384.2,1396.2,host,True,True,True,True
